Article Name,Article Link,Article Poster,Article Date
Optimism Chain NFT,https://gov.optimism.io/t/optimism-chain-nft/9370,N/A,"December 14, 2024"
Optimism Town Hall Season 3: Growing Optimism Through Dialogue,https://gov.optimism.io/t/optimism-town-hall-season-3-growing-optimism-through-dialogue/9296,N/A,"December 12, 2024"
OP Labs Audit Framework: When to get external security review and how to prepare for it,https://gov.optimism.io/t/op-labs-audit-framework-when-to-get-external-security-review-and-how-to-prepare-for-it/6864,N/A,"December 13, 2024"
Optimism Fractal Season 5: Level Up with Weekly Respect Games on the Superchain,https://gov.optimism.io/t/optimism-fractal-season-5-level-up-with-weekly-respect-games-on-the-superchain/9294,N/A,"December 12, 2024"
Optimism Budgets Discussion Calls,https://gov.optimism.io/t/optimism-budgets-discussion-calls/9369,N/A,"December 11, 2024"
Karma - link forum username to wallet,https://gov.optimism.io/t/karma-link-forum-username-to-wallet/3363,N/A,"December 11, 2024"
GovNFT Incentives Final Results,https://gov.optimism.io/t/govnft-incentives-final-results/9236,N/A,"December 10, 2024"
Optimism Chinese Community (OP ‰∏≠ÊñáÂäõÈáè) - General Communication Thread,https://gov.optimism.io/t/optimism-chinese-community-op-general-communication-thread/7751,N/A,"December 7, 2024"
Introducing Octant,https://gov.optimism.io/t/introducing-octant/9361,N/A,"December 6, 2024"
Governance Report: November 2024 Update,https://gov.optimism.io/t/governance-report-november-2024-update/9360,N/A,"December 4, 2024"
The Superseed Supersale Registration is Live!,https://gov.optimism.io/t/the-superseed-supersale-registration-is-live/9355,N/A,"December 4, 2024"
Hey transfered fund to the wrong Blockchain and would like to know if it can be recover my OP,https://gov.optimism.io/t/hey-transfered-fund-to-the-wrong-blockchain-and-would-like-to-know-if-it-can-be-recover-my-op/9342,N/A,"December 1, 2024"
"Contributionism - An economic model for organisations, an alternative to capitalism",https://gov.optimism.io/t/contributionism-an-economic-model-for-organisations-an-alternative-to-capitalism/9325,N/A,"November 28, 2024"
Tipping Protocol for Increased Community Engagement,https://gov.optimism.io/t/tipping-protocol-for-increased-community-engagement/9284,N/A,"November 28, 2024"
Announcing Super Contributor Cohort 0,https://gov.optimism.io/t/announcing-super-contributor-cohort-0/8959,N/A,"November 26, 2024"
Looking for feedback on my bridge project,https://gov.optimism.io/t/looking-for-feedback-on-my-bridge-project/9308,N/A,"November 26, 2024"
[Mission Request] decentralized alternative for contract attestation,https://gov.optimism.io/t/mission-request-decentralized-alternative-for-contract-attestation/8555,N/A,"November 18, 2024"
Welcome to the GATA Protocol!,https://gov.optimism.io/t/welcome-to-the-gata-protocol/9264,N/A,"November 13, 2024"
Experiment on the forum testing the Poll for groups,https://gov.optimism.io/t/experiment-on-the-forum-testing-the-poll-for-groups/9243,N/A,"November 7, 2024"
Increasing user participation in the governance forum,https://gov.optimism.io/t/increasing-user-participation-in-the-governance-forum/9244,N/A,"November 8, 2024"
GovNFT Incentive Program Retrospective,https://gov.optimism.io/t/govnft-incentive-program-retrospective/9237,N/A,"November 5, 2024"
Season 6 Banner,https://gov.optimism.io/t/season-6-banner/7332,N/A,"January 10, 2024"
Governance Report: October 2024 Update,https://gov.optimism.io/t/governance-report-october-2024-update/9218,N/A,"November 2, 2024"
OP Bulletin: Weekly news and insights on the Optimism Collective üì∞,https://gov.optimism.io/t/op-bulletin-weekly-news-and-insights-on-the-optimism-collective/7817,N/A,"November 1, 2024"
Suggestions on the Future Direction of Selling Blockchain Space Using NFT Transfer Functions:,https://gov.optimism.io/t/suggestions-on-the-future-direction-of-selling-blockchain-space-using-nft-transfer-functions/9209,N/A,"October 31, 2024"
# GovNFT Governance topic 3 and last!,https://gov.optimism.io/t/govnft-governance-topic-3-and-last/9065,N/A,"October 30, 2024"
Optimism Delegation Frame on Farcaster - Now live!,https://gov.optimism.io/t/optimism-delegation-frame-on-farcaster-now-live/8808,N/A,"October 29, 2024"
Exploring Optimism's Broader Vision: Questions for My Thesis on Governance and Future Goals,https://gov.optimism.io/t/exploring-optimisms-broader-vision-questions-for-my-thesis-on-governance-and-future-goals/9172,N/A,"October 29, 2024"
Still FREE mint,https://gov.optimism.io/t/still-free-mint/9165,N/A,"October 27, 2024"
Liquid Staking with OP,https://gov.optimism.io/t/liquid-staking-with-op/9127,N/A,"October 25, 2024"
